{
  "cic": {
    "dataset": "cic",
    "n_train": 160000,
    "n_test": 40000,
    "n_benign_train": 128486,
    "n_threat_train": 31514,
    "accuracy": 0.998,
    "precision_threat": 0.995425667090216,
    "recall_threat": 0.9944148260979944,
    "f1_threat": 0.9949199898399796,
    "benign_high_confidence_coverage": 0.978955233173526,
    "threat_misclassified_high_conf": 0.0003808073115003808,
    "confusion_matrix": [
      [
        32086,
        36
      ],
      [
        44,
        7834
      ]
    ],
    "feature_count": 45,
    "n_estimators": 100,
    "max_depth": 20
  },
  "unsw": {
    "dataset": "unsw",
    "n_train": 160000,
    "n_test": 40000,
    "n_benign_train": 139725,
    "n_threat_train": 20275,
    "accuracy": 0.99125,
    "precision_threat": 0.9484888804409808,
    "recall_threat": 0.9844150720063128,
    "f1_threat": 0.9661181026137464,
    "benign_high_confidence_coverage": 0.9864876470756635,
    "threat_misclassified_high_conf": 0.0003945551390806865,
    "confusion_matrix": [
      [
        34660,
        271
      ],
      [
        79,
        4990
      ]
    ],
    "feature_count": 35,
    "n_estimators": 100,
    "max_depth": 20
  }
}